url,genre
http://www.mentalhelp.net/poc/center_index.php?id=66,public_portrayals_companies_and_institutions
http://www.12stepforums.net/chatroom3.html,discussion
http://www.area61afg.org/,public_portrayals_companies_and_institutions
http://aa87.org/,public_portrayals_companies_and_institutions
http://www.aa-semi.org/,public_portrayals_companies_and_institutions
http://www.rochester-ny-aa.org/,public_portrayals_companies_and_institutions
http://www.aa-dc.org/,public_portrayals_companies_and_institutions
http://www.source1-solutions.com/,public_portrayals_companies_and_institutions
http://www.aventa.org/,public_portrayals_companies_and_institutions
http://www.ncadd.org/,public_portrayals_companies_and_institutions
http://www.drugabuse.gov/,link_collection
http://www.madistrict7.org/,public_portrayals_companies_and_institutions
http://www.quit4life.com/,article
http://wol.jw.org/en/wol/d/r1/lp-e/102000201?,article
http://www.bmj.com/content/321/7257/329.full,article
http://www.tresearch.org/,public_portrayals_companies_and_institutions
http://skepticblog.org/2008/11/02/tcm-1/,article
http://www.jcm.co.uk/,link_collection
http://www.apologeticsindex.org/r08.html,public_portrayals_companies_and_institutions
http://home.kpn.nl/salom680/,article
http://www.justtouch.com/,public_portrayals_companies_and_institutions
http://www.top10homeremedies.com/,link_collection
https://medlineplus.gov/druginfo/natural/19.html,article
https://medlineplus.gov/druginfo/natural/235.html,article
http://www.diagnose-me.com/treatment/comfrey.html,article
https://medlineplus.gov/druginfo/natural/984.html,article
https://medlineplus.gov/druginfo/natural/936.html,article
http://www.gov.mb.ca/agriculture/crops/production/feverfew.html,link_collection
http://www.townsendletter.com/May2003/iridology0503.htm,article
http://www.summum.us/meditation/,article
http://news.bbc.co.uk/2/hi/health/2725487.stm,article
http://www.sol.com.au/kor/14_01.htm,article
http://www.cat-health-guide.org/,public_portrayals_companies_and_institutions
http://www.birdsnways.com/articles/efmar1.htm,article
http://www.birdsnways.com/wisdom/ww48eiv.htm,article
http://en.wikipedia.org/wiki/Gallid_herpesvirus_1,article
http://www.ansci.cornell.edu/plants/,public_portrayals_companies_and_institutions
http://www.int-res.com/abstracts/dao/v79/n3/p207-218/,article
http://www.bio.miami.edu/hare/ileus.html,article
http://vet-school.massey.ac.nz/,public_portrayals_companies_and_institutions
http://www.uq.edu.au/~csvguerr/jvet196a.htm,link_collection
http://www.ds-health.com/,link_collection
http://styles101.homestead.com/,link_collection
http://www.ukhairdressers.com/,link_collection
http://www.healthboards.com/boards/forumdisplay.php?f=9,discussion
http://www.planet-pets.com/fortner2.htm,link_collection
http://www.alanon.org.za/,public_portrayals_companies_and_institutions
http://plants.ces.ncsu.edu/plants/edible/calendula-officinalis/,article
http://www.well.com/user/woa/,public_portrayals_companies_and_institutions
http://doep.50megs.com/main.html,public_portrayals_companies_and_institutions
http://www.cdc.gov/ncidod/monkeypox/factsheet2.htm,public_portrayals_companies_and_institutions
http://www.fourcorners.ws/,public_portrayals_companies_and_institutions
http://edis.ifas.ufl.edu/vm024,article
http://www.chirobase.org/06DD/chirovet.html,article
http://puberty101.com/mental-health/alcohol-and-drug-abuse/,article
http://www3.sympatico.ca/davehansen/prolapse.html,article
http://www.bibliomania.com/2/1/66/113/frameset.html,link_collection
http://users.navi.net/~rsc/rife1.htm,article
http://www.multiscope.com/hotspot/,public_portrayals_companies_and_institutions
http://en.wikipedia.org/wiki/Alcoholics_Anonymous,article
http://bioweb.uwlax.edu/bio203/2011/glasgow_evan/,article
http://extension.psu.edu/plants/gardening/herbs/feverfew,article
http://tobaccocontrol.bmj.com/content/7/3/281.full?,article
http://edis.ifas.ufl.edu/vm032,article
http://en.wikipedia.org/wiki/Comfrey,article
http://www.aht.org.uk/,public_portrayals_companies_and_institutions
http://www.botanical.com/botanical/mgmh/g/golsea27.html,article
http://www2.potsdam.edu/alcohol/,public_portrayals_companies_and_institutions
http://www.ca.org/,public_portrayals_companies_and_institutions
http://www.ash.org.uk/,public_portrayals_companies_and_institutions
http://www.consumersearch.com/cat-food,public_portrayals_companies_and_institutions
http://edis.ifas.ufl.edu/fa090,article
http://www.sahp.vcu.edu/gerontology/,public_portrayals_companies_and_institutions
http://www.badscience.net/2007/10/543/,article
http://www.wrh.on.ca/,public_portrayals_companies_and_institutions
http://musictreatment.8m.net/,public_portrayals_companies_and_institutions
http://botanical.com/botanical/mgmh/a/aspar079.html,public_portrayals_companies_and_institutions
http://en.wikipedia.org/wiki/Gapeworm,public_portrayals_companies_and_institutions
http://www.newscientist.com/article/dn3990,article
http://www.oncolink.org/types/section.cfm?c=22&s=69,public_portrayals_companies_and_institutions
http://www.alcohol.org.nz/,public_portrayals_companies_and_institutions
http://emedicine.medscape.com/article/287555-overview,article
http://www.class.ca/,public_portrayals_companies_and_institutions
http://www.dartmouth.edu/dms/koop/,link_collection
http://www.thehairstyler.com/,link_collection
http://www.lipstickpowdernpaint.com/,link_collection
http://www.bbc.co.uk/health/,link_collection
http://www.enotalone.com/250-1.html,link_collection
http://www.netaddiction.com/,link_collection
http://www.sciencebasedmedicine.org/?cat=4,link_collection
http://www.stopwa.com/,link_collection
http://www.theness.com/neurologicablog/?p=316,discussion
http://www.asts-nm.com/,link_collection
http://www.mayoclinic.org/diseases-conditions/alcoholism/basics/definition/con-20020866,link_collection
http://www.shen-nong.com/eng/shen-nong/index.htm,link_collection
http://www.voy.com/104544/,link_collection
http://www.pubs.ext.vt.edu/410/410-028/410-028.html,article
http://www.ajph.org/cgi/content/abstract/94/2/331,article
http://www.vetgen.com/,public_portrayals_companies_and_institutions
http://www.what-is-cancer.com/,public_portrayals_companies_and_institutions
http://www.doitnow.org/pages/101.html,article
http://skepticblog.org/2008/11/09/tcm-ii/,article
http://www.iaim.org.uk/,public_portrayals_companies_and_institutions
http://eis.ifas.ufl.edu/,public_portrayals_companies_and_institutions
http://www.equusite.com/equ4/health.html,public_portrayals_companies_and_institutions
http://www.nejm.org/doi/full/10.1056/NEJMp020186,article
http://www.tara-approach.org/,public_portrayals_companies_and_institutions
http://www.area61afg.org/,public_portrayals_companies_and_institutions
https://edis.ifas.ufl.edu/mg359,article
http://edis.ifas.ufl.edu/vm014,article
http://www.texas-al-anon.org/,public_portrayals_companies_and_institutions
http://www.aaparis.org/,public_portrayals_companies_and_institutions
http://goatworld.com/911,article
http://www.acvs.org/,public_portrayals_companies_and_institutions
http://www.dcscience.net/?p=2043,article
http://www.dallasal-anon.org/,public_portrayals_companies_and_institutions
http://www.simonhouse.com/,public_portrayals_companies_and_institutions
http://www.botanic.cam.ac.uk/Botanic/Plant.aspx?p=27&ix=64&pid=0&prcid=0&ppid=0,link_collection
http://www.colorado.gov/cs/Satellite/Agriculture-Main/CDAG/1175705256266,link_collection
http://www.drugabuse.gov/,public_portrayals_companies_and_institutions
http://www.padistrict42.org/,public_portrayals_companies_and_institutions
http://www.aa-dc.org/,public_portrayals_companies_and_institutions
http://zangsta.users4.50megs.com/,public_portrayals_companies_and_institutions
http://www.cdc.gov/nchs/fastats/alcohol.htm,public_portrayals_companies_and_institutions
http://www.cvm.umn.edu/,public_portrayals_companies_and_institutions
http://www.rabbit.org/journal/1/liver-disease.html,public_portrayals_companies_and_institutions
http://edis.ifas.ufl.edu/VM031,article
http://www.area03.org/,public_portrayals_companies_and_institutions
http://www.metta.org.uk/retreats.asp,public_portrayals_companies_and_institutions
http://www.wellnessinstitute.net/,public_portrayals_companies_and_institutions
http://www.naturaltherapypages.com.au/therapist/1678,public_portrayals_companies_and_institutions
http://www.vetmed.vt.edu/research/informatics/,public_portrayals_companies_and_institutions
http://www.afn.org/~poultry/virus.htm,public_portrayals_companies_and_institutions
http://www.area86aa.org/,public_portrayals_companies_and_institutions
http://www.umassmed.edu/cfm/,public_portrayals_companies_and_institutions
http://www.aanc32.org/,public_portrayals_companies_and_institutions
http://www.parker.edu/,public_portrayals_companies_and_institutions
http://www.ctvet.org/,public_portrayals_companies_and_institutions
http://www.jac-chiro.org/,public_portrayals_companies_and_institutions
http://www.acfoundation.org/,public_portrayals_companies_and_institutions
http://www.doc4pets.com/,public_portrayals_companies_and_institutions
http://www.beva.org.uk/,public_portrayals_companies_and_institutions
http://www.mavt.us/,public_portrayals_companies_and_institutions
http://tobaccocontrol.bmj.com/content/8/3/254.full,article
http://www.life.edu/,public_portrayals_companies_and_institutions
http://users.erols.com/peterbb/stress.htm,article
http://www.aa-iowa.org/,public_portrayals_companies_and_institutions
http://www.aa-quebec.org/region90/,public_portrayals_companies_and_institutions
http://www.infinityfoundation.org/,public_portrayals_companies_and_institutions
http://www.qi-journal.com/,public_portrayals_companies_and_institutions
http://members.iinet.net.au/~rabbit/rrcd.htm,link_collection
http://www.aa.org.au/,link_collection
http://www.medhelp.org/forums/show/112,discussion
http://www.rrhs.org/,public_portrayals_companies_and_institutions
http://www.aa-intergroup.org/,public_portrayals_companies_and_institutions
https://www.scientificamerican.com/article/the-lowdown-on-ginkgo-bil-2003-04/,shop
http://www.healthy.net/Library/News/index.asp,public_portrayals_companies_and_institutions
http://www.e-aa.org/,public_portrayals_companies_and_institutions
http://a2zhealth.net/,public_portrayals_companies_and_institutions
http://www.aadistrict8.org/,public_portrayals_companies_and_institutions
http://www.castlecraig.co.uk/,article
http://www.j-evs.com/,public_portrayals_companies_and_institutions
http://www.astrologyzine.com/crystal-3.shtml,article
http://www.seattlepi.com/lifestyle/health/article/Two-new-reflexology-paths-offer-a-rocky-stroll-to-1218080.php,article
https://www.liverpool.ac.uk/equine/common-conditions/colic/,public_portrayals_companies_and_institutions
http://www.freewebs.com/recovered!/index.htm,public_portrayals_companies_and_institutions
http://omim.org/entry/118493,article
http://www.3r.co.uk/,public_portrayals_companies_and_institutions
http://www.12stepforums.net/,public_portrayals_companies_and_institutions
http://www.nap.edu/books/0309052408/html/,article
http://www.onehand.com/,public_portrayals_companies_and_institutions
http://www.ma-online.org/,public_portrayals_companies_and_institutions
http://botanical.com/botanical/mgmh/c/cohbla83.html,public_portrayals_companies_and_institutions
http://www.audiologyonline.com/articles/ear-candling-fool-proof-method-1010,article
http://www.acoach4u.com/,public_portrayals_companies_and_institutions
http://www.users.globalnet.co.uk/~nodice/,public_portrayals_companies_and_institutions
http://www.la-al-anon.org/,public_portrayals_companies_and_institutions
http://www.al-anon-az.org/,article
http://madistrict6.org/,public_portrayals_companies_and_institutions
http://www.area8aa.org/,public_portrayals_companies_and_institutions
http://www.aquarius.org.uk/,public_portrayals_companies_and_institutions
http://www.lightfield.com/,public_portrayals_companies_and_institutions
http://edis.ifas.ufl.edu/in179,public_portrayals_companies_and_institutions
http://www.newyorkna.org/,public_portrayals_companies_and_institutions
https://medlineplus.gov/druginfo/natural/1013.html,article
http://www.scnm.edu/,public_portrayals_companies_and_institutions
http://www.aadallas.org/,public_portrayals_companies_and_institutions
http://www.nottingham.ac.uk/vet/,public_portrayals_companies_and_institutions
http://www.circle-of-life.net/,public_portrayals_companies_and_institutions
http://www.eastbayaa.org/,public_portrayals_companies_and_institutions
http://www.thecsc.org/,public_portrayals_companies_and_institutions
http://www.area26.net/,public_portrayals_companies_and_institutions
http://www.emotionalrelease.com/,public_portrayals_companies_and_institutions
http://www.al-anon-8ny.org/,public_portrayals_companies_and_institutions
http://www.eviaa.org/,public_portrayals_companies_and_institutions
http://www.bmj.com/content/321/7257/355.full,public_portrayals_companies_and_institutions
http://www.ncadd.org/,article
http://minsterleyvets.4mg.com/,public_portrayals_companies_and_institutions
http://www.neta65.org/,public_portrayals_companies_and_institutions
http://0-dl.acm.org.innopac.up.ac.za/citation.cfm?id=1132768,public_portrayals_companies_and_institutions
http://azureus.sourceforge.net/changelog.php,discussion
http://cwe.mitre.org/data/definitions/326.html,public_portrayals_companies_and_institutions
http://dmtf.org/standards/cloud,public_portrayals_companies_and_institutions
http://ec.europa.eu/information_society/activities/roaming/regulation/index_en.htm,public_portrayals_companies_and_institutions
http://id.loc.gov/authorities/names/no98004906,public_portrayals_companies_and_institutions
http://informationexclusives.com/u-s-calls-on-auto-industry-to-make-cyber-security-a-priority/,public_portrayals_companies_and_institutions
http://ir.lawnet.fordham.edu/cgi/viewcontent.cgi?article=1438&context=faculty_scholarship,public_portrayals_companies_and_institutions
http://knopper.net/knoppix/knoppix51-en.html,public_portrayals_companies_and_institutions
http://17799-news.the-hamster.com,public_portrayals_companies_and_institutions
http://kotaku.com/5420201/sonics-shoes-inspired-by-michael-jackson,link_collection
http://online.wsj.com/article/SB10001424052748704312104575299111189853840.html?mod=WSJ_hpp_LEFTWhatsNewsCollection,public_portrayals_companies_and_institutions
http://reason.com/blog/2013/05/08/wishful-thinking-is-control-freaks-last,article
http://searchsecurity.techtarget.com/definition/social-engineering,article
http://unicorn.mcmaster.ca/beamlines/grass.html,article
http://venturevillage.eu/amazon-web-services-opens-pop-up-loft-in-berlin,public_portrayals_companies_and_institutions
http://abc7news.com/archive/8888928/,article
http://www.3ders.org/articles/20120925-casting-aluminum-parts-directly-from-3d-printed-pla-parts.html,link_collection
http://www.afr.com/technology/web/security/unsw-and-cba-partner-on-cyber-security-lab-to-plug-skills-gap-20161023-gs8zg2?&utm_source=social&utm_medium=twitter&utm_campaign=nc&eid=socialn:twi-14omn0055-optim-nnn:nonpaid-27/06/2014-social_traffic-all-organicpost-nnn-afr-o&campaign_code=nocode&promote_channel=social_twitter,public_portrayals_companies_and_institutions
http://www.allgame.com/platform.php?id=17675,article
http://www.amazon.com/gp/reader/1590598164/,public_portrayals_companies_and_institutions
http://www.cisco.com/en/US/products/ps6505/Products_Sub_Category_Home.html,link_collection
http://www.cityfalcon.com/watchlists?name=Major%20Currencies,article
http://www.cmswire.com/cms/information-management/romettys-first-ibm-acquisition-cloud-testing-provider-green-hat-014012.php,article
http://www.counterpunch.org/2015/04/23/mass-surveillance-is-driven-by-the-private-sector/,article
http://www.crn.com/news/networking/163101040/juniper-ceo-urges-end-to-status-quo.htm,article
http://www.csoonline.com/article/221113,article
http://www.dansa.org/alert-diver.htm,link_collection
http://www.dotnetcurry.com/windows-azure/1299/microsoft-azure-platform-services-overview,article
http://www.e-laws.gov.on.ca/html/statutes/english/elaws_statutes_05p34_e.htm,article
http://www.epic.org/privacy/carnivore/foia_documents.html,article
http://abclocal.go.com/ktrk/story?section=news/local&id=7848683,article
http://www.factcheck.org/2008/03/federal-reserve-bank-ownership,public_portrayals_companies_and_institutions
http://www.fao.org/tc/ngo/status3_en.asp,article
http://www.freedomworks.org/content/top-10-reasons-abolish-transportation-security-administration-tsa,article
http://www.fudzilla.com/news/wearables/41929-homeland-security-looks-at-internet-of-things,article
http://www.haaretz.com/hasen/pages/ShArt.jhtml?itemNo=746631,public_portrayals_companies_and_institutions
http://www.heraldsun.com.au/news/world/first-us-polls-close-in-key-mid-term-elections-for-house-of-representatives-and-the-senate/story-e6frf7lf-1225947137452,article
http://www.ic3.gov/media/2012/121130.aspx,article
http://www.ietf.org/rfc/rfc0675.txt,public_portrayals_companies_and_institutions
http://www.independent.co.uk/life-style/gadgets-and-tech/news/christopher-moot-poole-sells-anarchic-imageboard-4chan-to-2channel-owner-hiroyuki-nishimura-10511765.html,link_collection
http://www.intranetjournal.com/faq/lotusbible.html,link_collection
http://www.isuppli.com/NewsDetail.aspx?ID=19823,link_collection
http://www.itworld.com/security/84077/child-porn-malwares-ultimate-evil,link_collection
http://www.juniper.net/us/en/company/press-center/press-releases/2001/pr-011112.html,discussion
http://www.keyghost.com/sx/,link_collection
http://abclocal.go.com/wls/story?section=nation_world&id=5017688,public_portrayals_companies_and_institutions
http://www.ksl.com/?nid=148&sid=15382738,article
http://www.linuxjournal.com/article/0131,public_portrayals_companies_and_institutions
http://www.macobserver.com/tmo/article/watt_to_know_about_iphone_ipad_power_adapters/,public_portrayals_companies_and_institutions
http://www.marketwatch.com/story/congress-plans-symbolic-vote-on-us-debt-ceiling-2011-05-31,public_portrayals_companies_and_institutions
http://www.mcmaster.ca/inabis98/brudzynski/white0360/two.html,public_portrayals_companies_and_institutions
http://www.mcscs.jus.gov.on.ca/english/police_serv/pisg/licences.html,article
http://www.mozilla.org/en-US/firefox/16.0.2/system-requirements/,article
http://www.mozilla.org/security/announce/2006/mfsa2006-38.html,article
http://www.mpepil.com,article
http://www.nato.int/cps/en/natolive/topics_49290.htm,link_collection
http://www.net-tech.com/2016/10/denial-of-service-attacks-on-voip-systems/,article
http://www.opera.com/download/languagefiles/,public_portrayals_companies_and_institutions
http://www.opera.com/dragonfly/,article
http://www.oracle.com/technetwork/middleware/weblogic/learnmore/weblogic-javaee6-webcasts-358613.html,article
http://abclocal.go.com/wls/story?section=news/local&id=7370352,article
http://www.ovum.com/research/onapp-iaas-cloud-federation-ahead-of-its-time/,article
http://www.prlog.org/10164910-breaking-news-hacker-halted-call-for-paper-now-open.html,article
http://www.prosecurityzone.com/Customisation/News/Alarms/Intruder_alarms/Dulles_Airport_being_fitted_with_fibre_intrusion_detection.asp,article
http://www.rferl.org/content/ukraine-poroshenko-signs-law-allowing-nato-bid/26767916.html,public_portrayals_companies_and_institutions
http://www.royalaviationmuseum.com/759/blackbrant/,article
http://www.scmagazineuk.com/rogue-anti-virus-prevalent-on-links-that-relate-to-haiti-earthquake-as-donors-encouraged-to-look-carefully-for-genuine-sites/article/161431/,public_portrayals_companies_and_institutions
http://www.scribd.com/doc/64699897/Introduction-to-Cloud-Computing-Business-and-Technology,public_portrayals_companies_and_institutions
http://www.secsolution.com/notizia.asp?id=6898&utm_source=dlvr.it&utm_medium=twitter,public_portrayals_companies_and_institutions
http://www.securityfocus.com/archive/1/462728/30/150/threaded,public_portrayals_companies_and_institutions
http://www.sega-16.com/2008/09/interview-nick-alexander/,article
http://www.shiningsilence.com/dbsdlog/2004/01/11/194.html,public_portrayals_companies_and_institutions
http://www.smartdatacollective.com/cio-dive/445262/massive-ddos-attack-spotlights-internet-choke-point,article
http://www.sunstar.com.ph/static/man/2003/06/26/news/spray.campaign.debate.heats.up.html,public_portrayals_companies_and_institutions
http://www.tandfonline.com/doi/abs/10.1080/00396338.2011.555586,public_portrayals_companies_and_institutions
http://www.telegraph.co.uk/technology/microsoft/7011626/Germany-warns-against-using-Microsoft-Internet-Explorer.html,public_portrayals_companies_and_institutions
http://www.theguardian.com/world/2014/feb/17/north-korea-human-rights-abuses-united-nations,public_portrayals_companies_and_institutions
http://www.thehorse.com/articles/34929/horse-farm-disaster-preparedness,article
http://www.tnr.com/article/politics/90659/debt-ceiling-obama-congress,public_portrayals_companies_and_institutions
http://www.unmaskparasites.com/,public_portrayals_companies_and_institutions
http://www.verizonenterprise.com/pcireport/2015/,article
http://www.webroot.com/En_US/pr/web-security/ent/new-research-shows-remote-users-expose-companies-to-cybercrime-042313.html,public_portrayals_companies_and_institutions
http://www.whitehouse.gov/,link_collection
http://www.wired.com/threatlevel/2011/03/comodo-compromise/,link_collection
http://www.wired.com/threatlevel/2012/01/dns-sopa-provision/,link_collection
http://www.worldcat.org/issn/0302-9743,link_collection
http://www.worldcat.org/oclc/163149563,link_collection
http://www.worldcat.org/oclc/43574850,link_collection
http://www.wsj.com/articles/SB109268651641992630,link_collection
http://www.zdnet.com.au/news/security/soa/Norton-AntiVirus-ignores-malicious-WMI-instructions/0,link_collection
http://www.zdnet.com/article/sophos-acquires-mobile-management-provider-dialogs/,discussion
https://github.com/bsdphk/Ntimed,link_collection
https://github.com/cloudfoundry-community/cf-docs-contrib/wiki/Buildpacks,link_collection
https://hakin9.org/zepto-ransomware-is-here/,link_collection
https://itunes.apple.com/app/chrome-web-browser-by-google/id535886823,link_collection
https://motherboard.vice.com/en_au/read/the-administrator-of-the-dark-webs-infamous-hacking-market-the-real-deal-has-vanished,article
https://nationalcareersservice.direct.gov.uk/advice/planning/jobprofiles/Pages/hotelreceptionist.aspx,article
https://pando.com/2012/11/27/supercell-is-accels-fastest-growing-company-ever-and-it-has-a-ball-pit/,public_portrayals_companies_and_institutions
https://psmag.com/how-quantum-physics-will-keep-the-internet-secure-f6758e48e591?gi=e1653d45e537,public_portrayals_companies_and_institutions
https://securitybrief.co.nz/story/waikato-uni-student-wins-big-cyber-security-solution/,article
https://support.apple.com/kb/HT5242,article
https://tools.ietf.org/html/rfc2411,public_portrayals_companies_and_institutions
https://veracrypt.codeplex.com/wikipage?title=FAQ,public_portrayals_companies_and_institutions
https://www.bluetooth.org/About/bluetooth_sig.htm,public_portrayals_companies_and_institutions
https://www.dhs.gov/person/jeh-johnson,article
https://www.dhs.gov/xnews/testimony/testimony_0019.shtm,public_portrayals_companies_and_institutions
http://abcnews.go.com/blogs/politics/2013/12/california-republicans-defend-fake-obamacare-site/,public_portrayals_companies_and_institutions
http://aws.amazon.com/vpc/pricing/,article
http://aws.amazon.com/workspaces,article
http://callcenterinfo.tmcnet.com/analysis/articles/45010-restructuring-contact-center-pci-compliance.htm,public_portrayals_companies_and_institutions
http://cia.vc/stats/project/tikiwiki,public_portrayals_companies_and_institutions
http://corewar.co.uk/creeper.htm,article
http://dyn.com/blog/dyn-statement-on-10212016-ddos-attack/?utm_content=buffer4196f&utm_medium=social&utm_source=twitter.com&utm_campaign=buffer,public_portrayals_companies_and_institutions
http://fcit.usf.edu/network/chap3/chap3.htm,article
http://heritage.org/Research/Reports/2009/09/Heritage-Exhibits-Haunting-Gulag-Collection,public_portrayals_companies_and_institutions
http://abcnews.go.com/Blotter/convicted-tsa-officer-reveals-secrets-thefts-airports/story?id=17339513&page=2#.UGZq3lHGjs0,public_portrayals_companies_and_institutions
http://hk-magazine.com/restaurants/column/why-spam-served-hong-kong-diners-top-macaroni-noodles,link_collection
http://integrated-security.csoonline.com/collaboration-automation-keys-sustainability-security-operations/?sf38638495=1,link_collection
http://irc.netsplit.de/networks/top100.php,public_portrayals_companies_and_institutions
http://mail.gnome.org/archives/gnome-announce-list/2009-March/msg00091.html,public_portrayals_companies_and_institutions
http://www.todaystmj4.com/_content/news/topstories/story_4773.asp,public_portrayals_companies_and_institutions
http://mailman.apnic.net/mailing-lists/apnic-announce/archive/2011/04/msg00002.html,public_portrayals_companies_and_institutions
http://money.cnn.com/2013/01/07/news/economy/debt-ceiling/,public_portrayals_companies_and_institutions
http://abcnews.go.com/Blotter/cruise-missiles-strike-yemen/story?id=9375236,public_portrayals_companies_and_institutions
http://money.cnn.com/2016/10/25/technology/internet-cyberattack-defense/index.html?utm_source=dlvr.it&utm_medium=twitter,public_portrayals_companies_and_institutions
http://naloxoneinfo.org/get-started/about-naloxone,article
http://pcidsscompliance.net/pci-dss-requirements/,public_portrayals_companies_and_institutions
http://pctools.com,public_portrayals_companies_and_institutions
http://people.redhat.com/twaugh/parport/html/parportguide.html,public_portrayals_companies_and_institutions
http://prl.aps.org/abstract/PRL/v111/i18/e180504,public_portrayals_companies_and_institutions
http://programming.linux.com/programming/05/10/03/1828224.shtml?tid=63&tid=47,public_portrayals_companies_and_institutions
http://prusaprinters.org/whats-up-with-original-prusa-i3/,public_portrayals_companies_and_institutions
http://reason.org/news/show/122531.html,public_portrayals_companies_and_institutions
http://reviews.cnet.com/internet-security-and-firewall/norton-internet-security-2003/4505-3667_7-20218674.html,public_portrayals_companies_and_institutions
http://snowcoastrealestate.com/real-estate-news/just-for-fun/americans-uneasy-with-iot-devices-like-those-used-in-dyn-ddos-attack-survey-finds?ref_lead_source=fb,public_portrayals_companies_and_institutions
http://support.huawei.com/enterprise/docinforeader.action?contentId=DOC1000019452&partNo=10092,public_portrayals_companies_and_institutions
http://thehill.com/blogs/hillicon-valley/technology/204629-gop-chairman-wikipedia-blackout-a-publicity-stunt,public_portrayals_companies_and_institutions
http://tools.ietf.org/html/RFC3207,public_portrayals_companies_and_institutions
http://abcnews.go.com/Health/Germs/story?id=4774746&page=1,public_portrayals_companies_and_institutions
http://torrentfreak.com/bittorrent-the-one-third-of-all-internet-traffic-myth/,public_portrayals_companies_and_institutions
http://venturebeat.com/2010/08/23/nimbula-funding/,public_portrayals_companies_and_institutions
http://viking.som.yale.edu/will/finman540/classnotes/class6.html,public_portrayals_companies_and_institutions
http://world.time.com/2013/12/20/u-s-officials-drone-strike-that-hit-yemen-wedding-convoy-killed-militants-not-civilians/,article
http://www.amazon.com/dp/0345475682/,public_portrayals_companies_and_institutions
http://www.americanrhetoric.com/speeches/eleanorrooseveltdeclarationhumanrights.htm,article
http://www.astronomy-mall.com/Adventures.In.Deep.Space/gcm31.htm,public_portrayals_companies_and_institutions
http://www.atimes.com/atimes/Korea/ID24Dg01.html,public_portrayals_companies_and_institutions
http://www.austlii.edu.au/au/cases/cth/federal_ct/2005/1242.html,public_portrayals_companies_and_institutions
http://www.austlii.edu.au/cgi-bin/sinodisp/au/cases/cth/HCA/1973/10.html?stem=0&synonyms=0&query=title(%221973%20HCA%2010%22),public_portrayals_companies_and_institutions
http://www.bankinfosecurity.com/articles.php?art_id=810,link_collection
http://www.bluetooth.com/Pages/Basics.aspx,link_collection
http://www.brandchannel.com/home/post/2011/02/25/Goldman-Sachs-Stakes-Vivint-Rebrand-as-Smart-Home-Player.aspx,discussion
http://www.charlottefive.com/charlotte-police-chief-to-retire-7-fascinating-facts-about-rodney-monroe/,public_portrayals_companies_and_institutions
http://abcnews.go.com/International/story?id=82296&page=1,public_portrayals_companies_and_institutions
http://www.circleid.com/posts/20150929_verisign_public_dns_free_dns_service_respects_privacy/,shop
http://www.cmp-cpm.forces.gc.ca/dhh-dhp/od-bdo/di-ri-eng.asp?IntlOpId=213&CdnOpId=251,public_portrayals_companies_and_institutions
http://www.computerworld.com.au/article/25521/juniper_looks_beyond_core_routers/,public_portrayals_companies_and_institutions
http://www.computerworld.com/securitytopics/security/story/0,public_portrayals_companies_and_institutions
http://www.dailynk.com/english/read.php?cataId=nk02500&num=6463,public_portrayals_companies_and_institutions
http://www.eetimes.com/electronics-news/4376680/A-view-from-Norway-on-the-Internet-of-Things,article
http://www.esecurityplanet.com/browser-security/accuvant-study-finds-chrome-is-most-secure-browser.html,public_portrayals_companies_and_institutions
http://www.extremenetworks.com/extreme-networks-agrees-to-acquire-wireless-lan-business-from-zebra-technologies/,article
http://www.fas.org/irp/world/china/mps/index.html,article
http://www.howtogeek.com/210265/download.com-and-others-bundle-superfish-style-https-breaking-adware/,public_portrayals_companies_and_institutions
http://www.hrw.org/en/news/2009/02/17/human-rights-north-korea,public_portrayals_companies_and_institutions
http://www.iana.org/assignments/dns-sec-alg-numbers/dns-sec-alg-numbers.xhtml,article
http://www.ietf.org/rfc/rfc4787.txt,public_portrayals_companies_and_institutions
http://www.independent.co.uk/news/world/middle-east/cloud-of-syrias-war-hangs-over-lebanese-clerics-death-7771366.html,public_portrayals_companies_and_institutions
http://abcnews.go.com/Nightline/us-mission-secure-nuclear-material-chile-exclusive/story?id=10310921,article
http://www.indymedia.ie/article/75297,public_portrayals_companies_and_institutions
http://www.ipkey.org/en/,public_portrayals_companies_and_institutions
http://www.itprc.com/tcpipfaq/,public_portrayals_companies_and_institutions
http://www.itproportal.com/news/discussions-between-it-pros-and-c-suite-are-sometimes-awkward/?utm_content=buffer02584&utm_medium=social&utm_source=twitter.com&utm_campaign=buffer,article
http://www.lbl.gov/ehs/pub811/hazards/ergonomics.html,public_portrayals_companies_and_institutions
http://www.mozilla.org/en-US/firefox/27.0/releasenotes/,public_portrayals_companies_and_institutions
http://www.mra.org/,public_portrayals_companies_and_institutions
http://www.nicta.com.au/pub?doc=5076,article
http://www.nrc.gov/reactors/non-power.html,public_portrayals_companies_and_institutions
http://www.ntis.gov/products/ssa-dmf.aspx,public_portrayals_companies_and_institutions
http://www.nzherald.co.nz/ict-news/news/article.cfm?c_id=55&objectid=118155,public_portrayals_companies_and_institutions
http://www.open-horizons.co.uk/,public_portrayals_companies_and_institutions
http://www.pbs.org/wgbh/amex/goldman/peopleevents/p_frick.html,public_portrayals_companies_and_institutions
http://www.polygon.com/2016/10/24/13359340/discord-malware-virus-symantec-norton-warning?utm_campaign=polygon&utm_content=entry&utm_medium=social&utm_source=twitter,public_portrayals_companies_and_institutions
http://www.rupto.ru/rupto/portal/start?lang=en,article
http://www.scmagazine.com/mcafee-enterprise-security-manager/review/4564/,public_portrayals_companies_and_institutions
http://www.scmagazine.com/the-rustock-botnet-spams-again/article/112940/,public_portrayals_companies_and_institutions
http://www.secalumni.org/,public_portrayals_companies_and_institutions
http://www.smart-homes.nl/Domotica.aspx?lang=en-US,public_portrayals_companies_and_institutions
http://www.softpedia.com/get/Internet/Browsers/Yandex-Browser.shtml,public_portrayals_companies_and_institutions
http://www.springer.com/computer/security+and+cryptology/book/978-3-642-41487-9,public_portrayals_companies_and_institutions
http://www.ssa.gov/oha/,public_portrayals_companies_and_institutions
http://www.talkincloud.com/imperva-launches-partnersphere-cloud-alliance-pca/,public_portrayals_companies_and_institutions
http://www.thebulletin.org/web-edition/columnists/hugh-gusterson/misadventures-us-energy-department,public_portrayals_companies_and_institutions
http://www.thedailybeast.com/newsweek/2010/11/17/tsa-screenings-worry-sexual-assault-survivors.html,public_portrayals_companies_and_institutions
http://www.theguardian.com/world/2014/apr/24/north-korea-kim-jong-un-favourite-moranbong-band-stage-a-comeback,public_portrayals_companies_and_institutions
http://www.theguardian.com/world/2015/dec/27/north-koreas-computer-operating-system-revealed-by-researchers,article
http://www.ungassondrugs.org/index.php?option=com_content&task=blogsection&id=14&Itemid=83,public_portrayals_companies_and_institutions
http://www.usatoday.com/money/markets/2007-07-11-nyse-traders_N.htm,public_portrayals_companies_and_institutions
http://www.prosecurityzone.com/Customisation/News/Alarms/Intruder_alarms/Dulles_Airport_being_fitted_with_fibre_intrusion_detection.asp,article
http://www.rferl.org/content/ukraine-poroshenko-signs-law-allowing-nato-bid/26767916.html,public_portrayals_companies_and_institutions